{
  "2. Auth/validate" : {
    "transaction" : "2. Auth/validate",
    "sampleCount" : 144,
    "errorCount" : 0,
    "errorPct" : 0.0,
    "meanResTime" : 1112.7708333333333,
    "medianResTime" : 1108.5,
    "minResTime" : 977.0,
    "maxResTime" : 1492.0,
    "pct1ResTime" : 1170.0,
    "pct2ResTime" : 1188.75,
    "pct3ResTime" : 1419.1000000000017,
    "throughput" : 1.2562046915755773,
    "receivedKBytesPerSec" : 11.154950449703833,
    "sentKBytesPerSec" : 2.062221661243468
  },
  "7 ViewPimModule" : {
    "transaction" : "7 ViewPimModule",
    "sampleCount" : 139,
    "errorCount" : 0,
    "errorPct" : 0.0,
    "meanResTime" : 772.6978417266188,
    "medianResTime" : 762.0,
    "minResTime" : 680.0,
    "maxResTime" : 1144.0,
    "pct1ResTime" : 855.0,
    "pct2ResTime" : 878.0,
    "pct3ResTime" : 1081.1999999999991,
    "throughput" : 1.2301973625984601,
    "receivedKBytesPerSec" : 11.664049017059032,
    "sentKBytesPerSec" : 1.5990162984556155
  },
  "10. Bloodtype" : {
    "transaction" : "10. Bloodtype",
    "sampleCount" : 136,
    "errorCount" : 0,
    "errorPct" : 0.0,
    "meanResTime" : 392.544117647059,
    "medianResTime" : 381.0,
    "minResTime" : 339.0,
    "maxResTime" : 492.0,
    "pct1ResTime" : 446.6,
    "pct2ResTime" : 464.4000000000001,
    "pct3ResTime" : 489.78,
    "throughput" : 1.2305910456404503,
    "receivedKBytesPerSec" : 1.4856534489349957,
    "sentKBytesPerSec" : 0.8499281919586303
  },
  "4. Leaves" : {
    "transaction" : "4. Leaves",
    "sampleCount" : 141,
    "errorCount" : 0,
    "errorPct" : 0.0,
    "meanResTime" : 361.09219858156024,
    "medianResTime" : 351.0,
    "minResTime" : 317.0,
    "maxResTime" : 542.0,
    "pct1ResTime" : 411.2,
    "pct2ResTime" : 439.5,
    "pct3ResTime" : 507.560000000001,
    "throughput" : 1.2524427074080653,
    "receivedKBytesPerSec" : 1.3759746541348374,
    "sentKBytesPerSec" : 0.7864459578744004
  },
  "5. Locations" : {
    "transaction" : "5. Locations",
    "sampleCount" : 141,
    "errorCount" : 0,
    "errorPct" : 0.0,
    "meanResTime" : 361.27659574468106,
    "medianResTime" : 351.0,
    "minResTime" : 316.0,
    "maxResTime" : 541.0,
    "pct1ResTime" : 410.0,
    "pct2ResTime" : 431.8,
    "pct3ResTime" : 506.98000000000104,
    "throughput" : 1.2523648378587227,
    "receivedKBytesPerSec" : 1.7048794765381439,
    "sentKBytesPerSec" : 0.7704978982919876
  },
  "8. ViewMyDetails" : {
    "transaction" : "8. ViewMyDetails",
    "sampleCount" : 139,
    "errorCount" : 0,
    "errorPct" : 0.0,
    "meanResTime" : 969.0647482014388,
    "medianResTime" : 963.0,
    "minResTime" : 870.0,
    "maxResTime" : 1317.0,
    "pct1ResTime" : 1040.0,
    "pct2ResTime" : 1080.0,
    "pct3ResTime" : 1233.3999999999987,
    "throughput" : 1.22821899409748,
    "receivedKBytesPerSec" : 28.07631856819708,
    "sentKBytesPerSec" : 1.6120374297529425
  },
  "9. Personal-details" : {
    "transaction" : "9. Personal-details",
    "sampleCount" : 137,
    "errorCount" : 0,
    "errorPct" : 0.0,
    "meanResTime" : 374.59124087591226,
    "medianResTime" : 362.0,
    "minResTime" : 324.0,
    "maxResTime" : 546.0,
    "pct1ResTime" : 430.40000000000003,
    "pct2ResTime" : 449.3999999999999,
    "pct3ResTime" : 522.4400000000003,
    "throughput" : 1.2399087716757773,
    "receivedKBytesPerSec" : 1.7714712235953733,
    "sentKBytesPerSec" : 0.790684011625276
  },
  "6. ViewAdminModule" : {
    "transaction" : "6. ViewAdminModule",
    "sampleCount" : 141,
    "errorCount" : 0,
    "errorPct" : 0.0,
    "meanResTime" : 767.9219858156026,
    "medianResTime" : 758.0,
    "minResTime" : 656.0,
    "maxResTime" : 1183.0,
    "pct1ResTime" : 833.5999999999999,
    "pct2ResTime" : 874.3000000000001,
    "pct3ResTime" : 1104.8800000000024,
    "throughput" : 1.2480195434549786,
    "receivedKBytesPerSec" : 14.828763462125705,
    "sentKBytesPerSec" : 1.613650269076554
  },
  "Total" : {
    "transaction" : "Total",
    "sampleCount" : 1541,
    "errorCount" : 0,
    "errorPct" : 0.0,
    "meanResTime" : 644.2693056456859,
    "medianResTime" : 677.0,
    "minResTime" : 316.0,
    "maxResTime" : 1492.0,
    "pct1ResTime" : 1039.8,
    "pct2ResTime" : 1108.0,
    "pct3ResTime" : 1170.58,
    "throughput" : 13.123270172450502,
    "receivedKBytesPerSec" : 83.17422523685332,
    "sentKBytesPerSec" : 12.636922503725783
  },
  "1. Home" : {
    "transaction" : "1. Home",
    "sampleCount" : 145,
    "errorCount" : 0,
    "errorPct" : 0.0,
    "meanResTime" : 882.7103448275867,
    "medianResTime" : 878.0,
    "minResTime" : 817.0,
    "maxResTime" : 1117.0,
    "pct1ResTime" : 925.4,
    "pct2ResTime" : 946.0,
    "pct3ResTime" : 1073.7599999999993,
    "throughput" : 1.2663755458515285,
    "receivedKBytesPerSec" : 5.362274836244541,
    "sentKBytesPerSec" : 0.6905874727074236
  },
  "3. Action-summary" : {
    "transaction" : "3. Action-summary",
    "sampleCount" : 142,
    "errorCount" : 0,
    "errorPct" : 0.0,
    "meanResTime" : 379.1619718309858,
    "medianResTime" : 367.0,
    "minResTime" : 331.0,
    "maxResTime" : 506.0,
    "pct1ResTime" : 430.40000000000003,
    "pct2ResTime" : 448.7,
    "pct3ResTime" : 502.55999999999995,
    "throughput" : 1.2615942286506272,
    "receivedKBytesPerSec" : 1.6656986300152814,
    "sentKBytesPerSec" : 0.7823362648370589
  },
  "11. Logout" : {
    "transaction" : "11. Logout",
    "sampleCount" : 136,
    "errorCount" : 0,
    "errorPct" : 0.0,
    "meanResTime" : 689.7426470588234,
    "medianResTime" : 673.5,
    "minResTime" : 599.0,
    "maxResTime" : 948.0,
    "pct1ResTime" : 754.3,
    "pct2ResTime" : 796.9000000000001,
    "pct3ResTime" : 923.5799999999997,
    "throughput" : 1.2276695041478982,
    "receivedKBytesPerSec" : 7.303515755468094,
    "sentKBytesPerSec" : 1.6101173281939718
  }
}